Time,Movement,Light,Temperature,Humidity,Sound
0,160,165.3678304,22.39127182,42,0
1,0,54.78,21.6,42,0
5,0,155.1690141,21.29624413,43,0
6,568,444.050779,21.45527986,42.71321408,0