Time,Movement,Light,Temperature,Humidity,Sound
0,261,59.15620642,25.43793584,30.92608089,589
1,0,35.94117647,24.1,34,31
2,94,126.4353285,23.75109489,34.86218978,3106
3,0,272.6780822,23.94520548,34,141
4,0,448.8991597,24.55630252,34,81
7,0,733.8627451,24.95,32.37254902,101
8,0,713.2615385,25,33,65
14,0,605.7763158,25.8,28.22368421,152
15,0,592.3137255,25.8,29,51
17,0,341.734375,25.9,33,64
20,11,426.3636364,26.2,33,11